Source:,C:\Users\jackr\Documents\KiCad\PikateaPCB\Pikatea Bottom Switch\PikateaBSB.sch,,,,,
Date:,7/14/2020 4:01:58 PM,,,,,
Tool:,Eeschema (5.1.5)-3,,,,,
Component Count:,20,,,,,
Ref,Value,Footprint,Datasheet,Manufacturer,Vendor,LCSC
C1,100nF,Capacitor_SMD:C_0805_2012Metric,~,,,
C2,100nF,Capacitor_SMD:C_0805_2012Metric,~,,,
C3,10uF,Capacitor_SMD:C_0805_2012Metric,~,,,
C4,100nF,Capacitor_SMD:C_0805_2012Metric,~,,,
R1,3.3K,Resistor_SMD:R_0805_2012Metric,~,,,
R2,3.3K,Resistor_SMD:R_0805_2012Metric,~,,,
R3,3.3K,Resistor_SMD:R_0805_2012Metric,~,,,
R4,3.3K,Resistor_SMD:R_0805_2012Metric,~,,,
U1,AMS1117-3.3,Package_TO_SOT_SMD:SOT-223-3_TabPin2,http://www.advanced-monolithic.com/pdf/ds1117.pdf,,,
U2,"74LVC125APW,118",Package_SO:TSSOP-14-1EP_4.4x5mm_P0.65mm,1826647,,,
XS1,SD_ebay-uSD-push_push_SMD,Sd-Card:Conn_uSDcard,_,,,
